No.,NAME,Part Number,MBA S/N,Calib Date,Next Calib Date,PCB STYLE,PROBE DEPTH,POGO BLOCK,TESTER NAME,FL Card,KEEP OUT (TOP DIAMETER),Picture
1.0,"LT1101-256
","MBA-000031-01
","V001
",11-Oct-26,"11-Apr-27






","6""  
","160-350 mils
",1.0,"CREDENCE
",NO,"3.1""
",LT1101-256_LT1101-256.JPG
2.0,HP-94K,MBA-000048-01,V039,"16-Oct-26

",16-Apr-27,"6.85""","280
  Mils",1.0,AGILENT,No,"4.6""",HP-94K_HP94K.JPG
3.0,J971,MBA-000043-01,V041,16-Oct-26,"16-Apr-27

","8.8""",94-194mils,1.0,TERADYNE,NO,"5.1""",J971_J971.JPG
,,,,,,,,,,,,
