No,Employee Code,Name,Code,Section,Productivity (PCA Standard Card/Month),Productivity (PCA Standard Card/shift),Employee Utilization,Mistake QTY,Mistake Ratio,Month
1,1009020,"Nguyễn Đức
  Thiêng",Dthieng,PCA,159,4,132.1196,0,0.008,Aug-26
2,1408020,Nguyễn Minh Trí,Mtri,PCA,178,4,128.1413,0,0.0,Aug-26
3,1910004,Lê Ninh,Lninh,PCA,161,4,115.8158,0,0.0,Aug-26
4,2407001,Nguyễn Đình Tuân,Dtuan,PCA,105,2,98.40659,0,0.0,Aug-26
5,2407002,"Nguyễn Thành
  Lực ",Tluc,PCA,55,2,89.56229,0,0.0,Aug-26
6,1009020,"Nguyễn Đức
  Thiêng",Dthieng,PCA,172,4,130.2371,0,0.008,Jul-26
7,1408020,Nguyễn Minh Trí,Mtri,PCA,187,4,138.5794,0,0.0,Jul-26
8,1910004,Lê Ninh,Lninh,PCA,174,4,109.8938,0,0.0,Jul-26
9,2407001,Nguyễn Đình Tuân,Dtuan,PCA,101,3,89.7734,0,0.0,Jul-26
10,2407002,"Nguyễn Thành
  Lực ",Tluc,PCA,57,2,81.61312,0,0.0,Jul-26
